News_Title,Date,Source,Website
"原纸好卖到日日光,有人“捂纸惜售”长期看涨纸价!",2021-03-13 15:17:00,网易,https://www.163.com/dy/article/G4VRGLUL0518W4HN.html
徐偲:本轮纸周期强度有望超过2017年,2021-03-12 16:28:00,深圳智通财经,https://www.zhitongcaijing.com/content/detail/426304.html
纸浆价格重心有所下移 “假摔”还是见顶?,2021-03-12 15:01:00,再生资源变宝网,https://baijiahao.baidu.com/s?id=1694008602940984079&amp;wfr=spider&amp;for=pc
纸浆报价屡创新高 库存仍处低位,2021-03-12 13:37:00,同花顺财经,http://field.10jqka.com.cn/20210312/c627718114.shtml
纸浆价格重心有所下移 这波回调是假摔还是见顶,2021-03-12 13:13:00,中国纸业网,http://www.chinapaper.net/news/show-56915.html
箱纸板抄造时湿部消泡与现场效果评价,2021-03-10 09:05:00,网易,https://www.163.com/dy/article/G4NF1R6P05389TIV.html
长城证券--轻工制造行业双周报21年第5期:纸浆高位下生活用纸龙头...,2021-03-09 13:53:00,同花顺财经,http://stock.10jqka.com.cn/20210309/c627603664.shtml
中国造纸上市公司排行榜,2021-03-05 21:44:00,中国纸网,http://www.paper.com.cn/toplist/topiteminfo-124.html
【国际】巴西纸浆到重庆怎么走?陆海新通道国际海铁联运纸浆班列...,2021-03-05 17:35:00,腾讯网,https://xw.qq.com/partner/vivoscreen/20210305A09TSB00
"又一行业宣布集体涨价,一年涨幅超过三次,老百姓又要囤纸了?",2021-03-05 13:54:00,腾讯网,https://xw.qq.com/amphtml/20210305A065YH00
「机会挖掘」机构预计2021年各类纸种的行情均进入上升阶段(附股),2021-03-05 08:37:00,证券之星,https://baijiahao.baidu.com/s?id=1693350454541935972&amp;wfr=spider&amp;for=pc
机构预计2021年各类纸种的行情均进入上升阶段,2021-03-05 08:27:00,同花顺财经,http://stock.10jqka.com.cn/20210305/c627506616.shtml
造纸补涨细分 这个细分突然涨声一片直追纸浆疯狂,2021-03-04 08:19:00,巨丰财经,https://www.jfinfo.com/news/20210304/3599484
"这个细分突然涨声一片直追纸浆疯狂,上半年还有两大需求爆发时点",2021-03-04 02:57:00,研报院,https://baijiahao.baidu.com/s?id=1693229331902903886&amp;wfr=spider&amp;for=pc
"海通国际:纸价高景气持续,关注造纸涨价行情",2021-03-03 15:11:00,深圳智通财经,https://www.zhitongcaijing.com/content/detail/420745.html
"造纸板块领涨A股市场,个股一路飙升,板块周期红利还有空间!",2021-03-03 11:34:00,腾讯网,https://new.qq.com/omn/20210303/20210303A04C4B00.html
废纸再生利用成国内纸浆生产主力军 外废进口政策趋严,2021-03-02 22:06:00,腾讯网,https://xw.qq.com/cmsid/20210302A04EU000?f=newdc
造纸行业动态点评:纸浆期货再创新高白卡纸价格进入万元时代,2021-03-02 19:22:00,东方财富网,https://baijiahao.baidu.com/s?id=1693128364157646269&amp;wfr=spider&amp;for=pc
话题:山西证券--造纸行业动态点评:纸浆期货再创新高 白卡纸价格...,2021-03-02 17:11:00,同花顺财经,http://news.10jqka.com.cn/comment/627404693.shtml
纸浆期现联动性增强 现货大幅报涨,2021-03-02 09:32:00,中国纸业网,http://www.chinapaper.net/mobile/21-0-56508-1.html
纸浆涨价超50% 这些概念股受追捧,2021-03-01 19:09:00,第一财经,https://www.yicai.com/brief/100963385.html
"禁塑令下替代品火爆,纸浆涨价超50%,概念股受追捧(名单)",2021-03-01 18:59:00,金融界,https://baijiahao.baidu.com/s?id=1693027365692143905&amp;wfr=spider&amp;for=pc
禁塑令替代效应:造纸行业成市场新宠,2021-03-01 15:22:00,腾讯网,https://new.qq.com/omn/20210301/20210301A078Z700.html
轻工行业周报:纸浆期货合约不断走高 龙头纸厂吨纸涨价千元以上,2021-03-01 14:13:00,东方财富网,"http://stock.eastmoney.com/news/1699,202103011825174539.html"
造纸行业:股价暴涨是否影响行业长期竞争格局?,2021-02-28 06:15:00,新浪财经,https://baijiahao.baidu.com/s?id=1692888719837347032&amp;wfr=spider&amp;for=pc
纸浆期货价格涨超50% 浆纸一体化龙头晨鸣纸业受益,2021-02-25 18:48:00,中国经济网,https://baijiahao.baidu.com/s?id=1692663919837242949&amp;wfr=spider&amp;for=pc
造纸行业:木浆成本推动纸价 Q2至下半年波动加大,2021-02-25 08:50:00,东方财富网,http://finance.eastmoney.com/a/202102251820675540.html
行业观察|全球造纸产业链涨价传导 期货暴涨 现货交易待升温,2021-02-24 16:03:00,和讯股票,http://stock.hexun.com/2021-02-24/203073715.html
中泰证券--轻工制造行业专题研究报告:浆纸联动上涨 各纸企的业绩...,2021-02-23 15:26:00,同花顺财经,http://stock.10jqka.com.cn/20210223/c627184679.shtml
"木浆价格价格持续走高,造纸板块走强丨牛熊眼",2021-02-23 13:36:00,第一财经,https://baijiahao.baidu.com/s?id=1692463215037532676&amp;wfr=spider&amp;for=pc
纸业行情持续:浆、纸“双龙头”晨鸣纸业受益,2021-02-23 11:17:00,腾讯网,https://new.qq.com/rain/a/20210223A048GO00
哪些因素催生了“纸上富贵”行情,2021-02-22 18:40:00,同花顺财经,https://news.10jqka.com.cn/m627141545_futures/
华福证券--轻工制造行业周报:造纸行情持续演绎 持续关注木浆系龙头,2021-02-22 15:46:00,同花顺财经,http://stock.10jqka.com.cn/20210222/c627123954.shtml
光大证券--轻工造纸行业动态跟踪:文化纸将独立纸浆走出行情 21年...,2021-02-19 14:41:00,同花顺财经,http://stock.10jqka.com.cn/20210219/c627074324.shtml
木浆系造纸盈利处在上调通道,2021-02-19 03:26:00,益盟操盘手,https://news.emoney.cn/ssgs/18376.shtml
2020年光明城纸浆厂产量增长了1倍,2021-02-18 21:35:00,中华人民共和国商务部,http://www.mofcom.gov.cn/article/i/jyjl/e/202103/20210303042102.shtml
纸浆价格飙升50% 终端品牌商也加入涨价阵营,2021-02-05 04:02:00,生意社,http://www.100ppi.com/news/detail-20210205-1774310.html
行业格局优化叠加产业链价值提升 造纸龙头晨鸣纸业利好不断,2021-02-04 16:55:00,网易新闻,https://news.163.com/21/0204/17/G20P906N00019OH3.html
华西证券--造纸行业数据跟踪报告:木浆系陆续发布涨价函提升纸价...,2021-02-03 14:27:00,同花顺财经,http://stock.10jqka.com.cn/20210203/c626772910.shtml
"涨幅50%,创历史新高!纸浆价格飙升,造纸行业上涨强催化来袭",2021-01-31 22:22:00,腾讯网,https://new.qq.com/omn/20210131/20210131A0AU5N00.html
2021年中国造纸行业产业链上中下游市场分析(附产业链全景图),2021-01-29 17:30:00,腾讯网,https://new.qq.com/omn/20210129/20210129A0BSBQ00.html
预见2021:《2021年中国造纸产业全景图谱》(附市场现状、竞争格局...,2021-01-29 09:59:00,东方财富网,https://baijiahao.baidu.com/s?id=1690187034162226921&amp;wfr=spider&amp;for=pc
三个月幅度45% 纸浆期货本轮大涨,2021-01-28 22:30:00,生意社,http://www.100ppi.com/news/detail-20210129-1771049.html
"纸浆期货续创上市以来新高,这波涨势空间有多少?",2021-01-28 11:03:00,金投网,https://baijiahao.baidu.com/s?id=1690097960140498384&amp;wfr=spider&amp;for=pc
造纸板块全面飘红纸浆期货连续走强,2021-01-27 11:16:00,同花顺财经,http://stock.10jqka.com.cn/20210127/c626545689.shtml
纸浆库存降至两年来最低水平 造纸业上下游齐发涨价函,2021-01-27 08:56:00,证券之星,https://baijiahao.baidu.com/s?id=1689999618940563922&amp;wfr=spider&amp;for=pc
全球漂白针叶木浆短期市场形势与长期发展趋势,2021-01-26 10:03:00,中国纸业网,http://www.chinapaper.net/news/show-55466.html
2020年四季度纸浆市场一改颓势 2021年价格是否延续强势?,2021-01-22 09:38:00,中国纸业网,http://www.chinapaper.net/news/show-55370.html
"纸浆期价不断突破上市以来新高,纸企不淡定了?",2021-01-19 07:30:00,澎湃新闻,http://m.thepaper.cn/newsDetail_forward_10848483
"2020年我国铜版纸行业前景展望,布局东南亚抢占成本洼地「图」",2021-01-18 21:02:00,网易,https://www.163.com/dy/article/FSM8GCAI05387IEF.html
"2021年有750万吨外废缺口,玖龙、理文利润率将扩大!",2021-01-18 19:42:00,网易,https://www.163.com/dy/article/G0L4P6O00538431T.html
造纸行业全面回暖 行业龙头晨鸣纸业受益禁废令,2021-01-18 18:01:00,网易新闻,https://news.163.com/21/0118/18/G0L3OU6800019OH3.html
晨鸣纸业木浆产能约430万吨 占国内木浆总产能41%,2021-01-18 10:48:00,中国纸业网,http://www.chinapaper.net/news/show-55196.html
2020年中国造纸工业10项要闻揭晓!,2021-01-14 09:00:00,中国纸业网,http://www.chinapaper.net/mobile/21-0-54999-1.html
"强者愈强,造纸龙头投资黄金期到来",2021-01-13 15:36:00,深圳智通财经,https://www.zhitongcaijing.com/content/detail/393108.html
供需两端共同推动 造纸行业告别寒冬,2021-01-13 08:13:00,金融界,https://baijiahao.baidu.com/s?id=1688728916514406789&amp;wfr=spider&amp;for=pc
纸价看涨预期强烈造纸板块发力走高 四股热,2021-01-12 20:02:00,证券之星,https://baijiahao.baidu.com/s?id=1688682302855155778&amp;wfr=spider&amp;for=pc
宜宾纸业:2020年预亏9800万元|纸浆|木浆|蔗渣|用纸_网易订阅,2021-01-12 17:57:00,网易,https://www.163.com/dy/article/G05KNIO30514D3UH.html
生意社:2020年建材行业十大事件,2021-01-12 16:35:00,生意社,http://www.100ppi.com/news/detail-20210112-1763368.html
"龙头五连板,期货全面突破,造纸行业为什么又火了?",2021-01-12 14:27:00,网易新闻,http://dy.163.com/article/G058R88S0531UD4S.html
浙商证券--轻工制造行业:关注浆系造纸提价 持续看多顺周期的造纸...,2021-01-11 15:53:00,同花顺财经,http://news.10jqka.com.cn/20210111/c626074917.shtml
一涨再涨?造纸行业的“春天”来了?,2021-01-11 15:21:00,网易新闻,http://dy.163.com/article/G02PH0LO05452TZB.html
纸浆期货创两年来新高 木浆系龙头晨鸣纸业盈利空间扩大,2021-01-08 15:33:00,人民资讯,https://baijiahao.baidu.com/s?id=1688303016481214158&amp;wfr=spider&amp;for=pc
"纸浆暴涨施压业绩,中顺洁柔为何7日逆转涨超25%?",2021-01-08 01:17:00,腾讯网,https://xw.qq.com/cmsid/20210107A0B2CY00
造纸行业有望迎来上行 龙头纸企或受益成本端 制浆能力愈发重要,2021-01-07 20:08:00,同花顺财经,http://field.10jqka.com.cn/20210107/c626016689.shtml
行业观察|纸浆价格持续上涨 或将带动造纸行业竞争格局生变,2021-01-06 22:02:00,财联社,https://baijiahao.baidu.com/s?id=1688146326969762709&amp;wfr=spider&amp;for=pc
全球掀起纸浆大跃进热潮:4000万吨纸浆产能砸向市场,2021-01-06 10:42:00,网易新闻,http://dy.163.com/article/FVLDIJTF0514DO74.html
"纸张价格上涨直逼猪肉,要囤卫生纸不?",2021-01-05 17:22:00,网易,https://www.163.com/dy/article/FVJI1HJI0514R9KD.html
"造纸行业价值分析,看这篇就够了",2021-01-05 10:42:00,新浪财经,https://baijiahao.baidu.com/s?id=1688017554005716045&amp;wfr=spider&amp;for=pc
"纸巾价格疯涨,上调200元/吨,但为何我们没感觉?发生了什么?",2021-01-04 11:06:00,网易,https://www.163.com/dy/article/FVGK9DD50534A5GP.html
2020年中国造纸行业十大新闻事件,2021-01-02 17:00:00,腾讯网,https://new.qq.com/rain/a/20210102a08pik00
全球造纸行业市场供给分析报告,2020-12-31 14:40:00,腾讯网,https://new.qq.com/omn/20201231/20201231A087HT00.html
"一个月3次涨价!纸巾涨价潮来了,网友:过年囤纸?低估值概念股出炉...",2020-12-31 12:23:00,金融界,https://baijiahao.baidu.com/s?id=1687566765510420135&amp;wfr=spider&amp;for=pc
全国纸巾一月内迎三波涨价潮 2020年造纸业发展现状及2021年前景分析,2020-12-29 18:08:00,网易新闻,http://dy.163.com/article/fv1jr9bk051481of.html
资讯:产业升级推动行业集中度提升 造纸龙头晨鸣纸业迎发展机遇,2020-12-29 15:40:00,财联社,https://baijiahao.baidu.com/s?id=1687397446839510206&amp;wfr=spider&amp;for=pc
废废令改变造纸原料格局 行业龙头晨鸣纸业持续受益,2020-12-29 13:21:00,同花顺财经,https://baijiahao.baidu.com/s?id=1687388738669213713&amp;wfr=spider&amp;for=pc
进口废纸突然成“香饽饽” 进口再生纸浆猛增,2020-12-29 11:40:00,财经产业网,http://www.itangjiu.com/jdxw/20201229/53230.html
中国造纸工业2020年生产运行情况及2021年展望,2020-12-29 09:48:00,中国纸业网,http://www.chinapaper.net/mobile/21-0-54470-1.html
2020年造纸行业事件盘点,2020-12-24 18:14:00,东方财富网,http://futures.eastmoney.com/a/202012241751080521.html
2020年中国再生资源行业市场现状及发展前景分析 废纸原料紧缺问题...,2020-12-21 14:48:00,网易,https://www.163.com/dy/article/FUCL6U5605509P99.html
2020年11月中国造纸协会纸浆指数评述,2020-12-21 14:01:00,中国纸业网,http://www.chinapaper.net/news/show-54207.html
中金公司造纸行业2021年展望:业绩向上 原料为王,2020-12-16 07:58:00,金融界,https://baijiahao.baidu.com/s?id=1686193775411380872&amp;wfr=spider&amp;for=pc
造纸行业:白卡纸价格提涨 文化纸有所回落,2020-12-10 11:43:00,中国纸业网,http://www.chinapaper.net/news/show-53873.html
中国造纸协会纸浆指数(202010),2020-12-03 11:21:00,中国纸业网,http://www.chinapaper.net/mobile/23-0-158504-1.html
造纸业加工贸易政策调整:木浆生产迎来特大利好,2020-11-30 14:35:00,东方财富网,https://baijiahao.baidu.com/s?id=1684767050024595083&amp;wfr=spider&amp;for=pc
"前三季总利润: 造纸业同比大增13.2%,纸制品同比降6.8%",2020-11-29 00:05:00,网易,https://www.163.com/dy/article/FSIE14P00541AGOC.html
资讯:两部委新政力挺“两低一高” 木浆系纸企迎重大利好,2020-11-27 16:54:00,财联社,https://baijiahao.baidu.com/s?id=1684503002916724419&amp;wfr=spider&amp;for=pc
"产业链视角,看造纸包装转债",2020-11-26 11:12:00,第一财经,https://www.yicai.com/news/100853530.html
四大纸企巨头连发涨价函!龙头飙涨近20%,2020-11-20 02:34:00,东方财富网,https://baijiahao.baidu.com/s?id=1683814373423648457&amp;wfr=spider&amp;for=pc
造纸行业打响原料“保卫战” 木浆龙头晨鸣纸业抢先机,2020-11-19 17:56:00,金融界,https://baijiahao.baidu.com/s?id=1683782460509714558&amp;wfr=spider&amp;for=pc
从库存周期看纸张及纸浆后期走势,2020-11-12 10:55:00,中国纸业网,http://www.chinapaper.net/news/show-52956.html
2020年9月份我国造纸行业新增原纸产能117万吨,2020-11-02 17:01:00,中国纸业网,http://www.chinapaper.net/news/show-52479.html
晨鸣纸业第三季度盈利5.62亿 超上半年盈利总额,2020-10-23 12:20:00,网易,https://www.163.com/dy/article/FPKFC3TR0519QIKK.html
【行业盛会】“中国造纸周”系列活动即将来袭,2020-10-15 13:39:00,中国纸业网,http://www.chinapaper.net/news/show-51974.html
总投资千亿总产能1400万吨!纸业巨头纷纷抢夺这块宝地,2020-09-30 08:59:00,中国纸业网,http://www.chinapaper.net/news/show-51629.html
造纸行业风云再起:涨价、扩产、新需求 产业链端多项利好发展,2020-09-22 09:23:00,腾讯网,https://new.qq.com/omn/20200922/20200922A03MN400.html
造纸业旺季来临 各大纸企密集涨价,2020-09-22 04:04:00,网易,https://www.163.com/dy/article/FN3OLBTB0519QIKK.html
2020年H1中国造纸行业市场分析:纸浆进口量累计达到1464万吨,2020-09-21 14:05:00,前瞻网,https://d.qianzhan.com/xnews/detail/541/200921-04aac68d.html
后疫情时代我国纸浆期现市场前景可期,2020-09-20 21:18:00,金融界,https://baijiahao.baidu.com/s?id=1678361429295435205&amp;wfr=spider&amp;for=pc
第十七届上海衍生品市场论坛纸浆分论坛成功举行,2020-09-18 13:27:00,新浪财经,https://baijiahao.baidu.com/s?id=1678148601811776434&amp;wfr=spider&amp;for=pc
